customer_id,first_name,last_name,phone,email,street,city,state,zip_code
1,Debra,Burks,,debra.burks@yahoo.com,9273 Thorne Ave. ,Orchard Park,New York,14127
2,Kasha,Todd,,kasha.todd@yahoo.com,910 Vine Street ,Campbell,California,95008
3,Tameka,Fisher,,tameka.fisher@aol.com,769C Honey Creek St. ,Redondo Beach,California,90278
4,Daryl,Spence,,daryl.spence@aol.com,988 Pearl Lane ,Uniondale,New York,11553
5,Charolette,Rice,(916) 381-6003,charolette.rice@msn.com,107 River Dr. ,Sacramento,California,95820
6,Lyndsey,Bean,,lyndsey.bean@hotmail.com,769 West Road ,Fairport,New York,14450
7,Latasha,Hays,(716) 986-3359,latasha.hays@hotmail.com,7014 Manor Station Rd. ,Buffalo,New York,14215
8,Jacquline,Duncan,,jacquline.duncan@yahoo.com,15 Brown St. ,Jackson Heights,New York,11372
9,Genoveva,Baldwin,,genoveva.baldwin@msn.com,8550 Spruce Drive ,Port Washington,New York,11050
10,Pamelia,Newman,,pamelia.newman@gmail.com,476 Chestnut Ave. ,Monroe,New York,10950
11,Deshawn,Mendoza,,deshawn.mendoza@yahoo.com,8790 Cobblestone Street ,Monsey,New York,10952
12,Robby,Sykes,(516) 583-7761,robby.sykes@hotmail.com,486 Rock Maple Street ,Hempstead,New York,11550
13,Lashawn,Ortiz,,lashawn.ortiz@msn.com,27 Washington Rd. ,Longview,Texas,75604
14,Garry,Espinoza,,garry.espinoza@hotmail.com,7858 Rockaway Court ,Forney,Texas,75126
15,Linnie,Branch,,linnie.branch@gmail.com,314 South Columbia Ave. ,Plattsburgh,New York,12901
16,Emmitt,Sanchez,(212) 945-8823,emmitt.sanchez@hotmail.com,461 Squaw Creek Road ,New York,New York,10002
17,Caren,Stephens,,caren.stephens@msn.com,914 Brook St. ,Scarsdale,New York,10583
18,Georgetta,Hardin,,georgetta.hardin@aol.com,474 Chapel Dr. ,Canandaigua,New York,14424
19,Lizzette,Stein,,lizzette.stein@yahoo.com,19 Green Hill Lane ,Orchard Park,New York,14127
20,Aleta,Shepard,,aleta.shepard@aol.com,684 Howard St. ,Sugar Land,Texas,77478
21,Tobie,Little,,tobie.little@gmail.com,10 Silver Spear Dr. ,Victoria,Texas,77904
22,Adelle,Larsen,,adelle.larsen@gmail.com,683 West Kirkland Dr. ,East Northport,New York,11731
23,Kaylee,English,,kaylee.english@msn.com,8786 Fulton Rd. ,Hollis,New York,11423
24,Corene,Wall,,corene.wall@msn.com,9601 Ocean Rd. ,Atwater,California,95301
25,Regenia,Vaughan,,regenia.vaughan@gmail.com,44 Stonybrook Street ,Mahopac,New York,10541
26,Theo,Reese,(562) 215-2907,theo.reese@gmail.com,8755 W. Wild Horse St. ,Long Beach,New York,11561
27,Santos,Valencia,,santos.valencia@yahoo.com,7479 Carpenter Street ,Sunnyside,New York,11104
28,Jeanice,Frost,,jeanice.frost@hotmail.com,76 Devon Lane ,Ossining,New York,10562
29,Syreeta,Hendricks,,syreeta.hendricks@msn.com,193 Spruce Road ,Mahopac,New York,10541
30,Jamaal,Albert,,jamaal.albert@gmail.com,853 Stonybrook Street ,Torrance,California,90505
31,Williemae,Holloway,(510) 246-8375,williemae.holloway@msn.com,69 Cypress St. ,Oakland,California,94603
32,Araceli,Golden,,araceli.golden@msn.com,12 Ridgeview Ave. ,Fullerton,California,92831
33,Deloris,Burke,,deloris.burke@hotmail.com,895 Edgemont Drive ,Palos Verdes Peninsula,California,90274
34,Brittney,Woodward,,brittney.woodward@aol.com,960 River St. ,East Northport,New York,11731
35,Guillermina,Noble,,guillermina.noble@msn.com,6 Del Monte Lane ,Baldwinsville,New York,13027
36,Bernita,Mcdaniel,,bernita.mcdaniel@hotmail.com,2 Peg Shop Ave. ,Liverpool,New York,13090
37,Melia,Brady,,melia.brady@gmail.com,907 Shirley Rd. ,Maspeth,New York,11378
38,Zelma,Browning,,zelma.browning@aol.com,296 Second Street ,Astoria,New York,11102
39,Janetta,Aguirre,(717) 670-2634,janetta.aguirre@aol.com,214 Second Court ,Lancaster,New York,14086
40,Ronna,Butler,,ronna.butler@gmail.com,9438 Plymouth Court ,Encino,California,91316
41,Kathie,Freeman,,kathie.freeman@msn.com,667 Temple Dr. ,Queensbury,New York,12804
42,Tangela,Quinn,,tangela.quinn@aol.com,4 S. Purple Finch Road ,Richmond Hill,New York,11418
43,Mozelle,Carter,(281) 489-9656,mozelle.carter@aol.com,895 Chestnut Ave. ,Houston,Texas,77016
44,Onita,Johns,,onita.johns@msn.com,32 Glen Creek Lane ,Elmont,New York,11003
45,Bennett,Armstrong,,bennett.armstrong@aol.com,688 Walnut Street ,Bethpage,New York,11714
46,Monika,Berg,,monika.berg@gmail.com,369 Vernon Dr. ,Encino,California,91316
47,Bridgette,Guerra,,bridgette.guerra@hotmail.com,9982 Manor Drive ,San Lorenzo,California,94580
48,Cesar,Jackson,,cesar.jackson@gmail.com,8068 N. Griffin Ave. ,Liverpool,New York,13090
49,Caroll,Hays,,caroll.hays@yahoo.com,9381 Wrangler St. ,Fairport,New York,14450
50,Cleotilde,Booth,,cleotilde.booth@gmail.com,17 Corona St. ,Sugar Land,Texas,77478
51,Gertrud,Rhodes,,gertrud.rhodes@aol.com,9961 Meadowbrook Street ,Merrick,New York,11566
52,Tu,Ramirez,,tu.ramirez@hotmail.com,24 W. Courtland Street ,East Elmhurst,New York,11369
53,Saturnina,Garner,,saturnina.garner@gmail.com,8538 Fairground St. ,Glendora,California,91740
54,Fran,Yang,,fran.yang@hotmail.com,440 Pearl St. ,Utica,New York,13501
55,Diana,Guerra,,diana.guerra@hotmail.com,45 Chapel Ave. ,Merrick,New York,11566
56,Lolita,Mosley,(281) 363-3309,lolita.mosley@hotmail.com,376 S. High Ridge St. ,Houston,Texas,77016
57,Pamala,Henry,,pamala.henry@aol.com,197 Bridgeton Ave. ,Bronx,New York,10451
58,Damien,Dorsey,,damien.dorsey@yahoo.com,161 Old York Street ,Central Islip,New York,11722
59,Latasha,Stanley,,latasha.stanley@gmail.com,8068 Fordham Drive ,Rockville Centre,New York,11570
60,Neil,Mccall,,neil.mccall@gmail.com,7476 Oakland Dr. ,San Carlos,California,94070
61,Elinore,Aguilar,,elinore.aguilar@msn.com,9766 Rockcrest Ave. ,San Angelo,Texas,76901
62,Alica,Hunter,,alica.hunter@hotmail.com,8 San Juan Drive ,East Elmhurst,New York,11369
63,Tenisha,Lyons,,tenisha.lyons@aol.com,78 E. Rock Creek Street ,Amityville,New York,11701
64,Bobbie,Foster,,bobbie.foster@yahoo.com,988 Pineknoll Ave. ,Desoto,Texas,75115
65,Kanesha,Vega,,kanesha.vega@gmail.com,771 E. Oxford Drive ,Rome,New York,13440
66,Lorrie,Becker,,lorrie.becker@yahoo.com,19 North Court ,Garland,Texas,75043
67,Tommie,Melton,(916) 802-2952,tommie.melton@gmail.com,8 West Old York St. ,Sacramento,California,95820
68,Jayne,Kirkland,,jayne.kirkland@hotmail.com,7800 Second Lane ,Rowlett,Texas,75088
69,Katelin,Kennedy,,katelin.kennedy@gmail.com,286 Myrtle Lane ,Rocklin,California,95677
70,Tomasa,Carson,,tomasa.carson@aol.com,10 Clark Avenue ,East Elmhurst,New York,11369
71,Takako,Casey,,takako.casey@aol.com,7548 Court Lane ,Bronx,New York,10451
72,Petronila,Norris,,petronila.norris@aol.com,72 South Marshall Lane ,South El Monte,California,91733
73,Melanie,Hayes,,melanie.hayes@msn.com,5 N. Hall Dr. ,Liverpool,New York,13090
74,Georgeann,Waller,,georgeann.waller@yahoo.com,9797 Bald Hill Ave. ,North Tonawanda,New York,14120
75,Abby,Gamble,,abby.gamble@aol.com,60 Myers Dr. ,Amityville,New York,11701
76,Parker,Prince,,parker.prince@hotmail.com,21 Sulphur Springs Drive ,Port Jefferson Station,New York,11776
77,Keri,Bridges,,keri.bridges@gmail.com,8504 Brickell Ave. ,Richardson,Texas,75080
78,Chi,Goff,,chi.goff@aol.com,3 W. Glen Ridge Avenue ,Palos Verdes Peninsula,California,90274
79,Ashanti,Parks,,ashanti.parks@hotmail.com,846 N. Helen St. ,Baldwin,New York,11510
80,Sarai,Mckee,(716) 912-8110,sarai.mckee@msn.com,641 Glenwood Avenue ,Buffalo,New York,14215
81,Zina,Bonner,,zina.bonner@hotmail.com,9312 8th Street ,San Lorenzo,California,94580
82,Lizzie,Joyner,,lizzie.joyner@msn.com,8541 Roberts St. ,Coachella,California,92236
83,Tiesha,Daniel,,tiesha.daniel@yahoo.com,6 West Bohemia Lane ,Scarsdale,New York,10583
84,Armand,Whitehead,,armand.whitehead@hotmail.com,639 Harvey St. ,Lindenhurst,New York,11757
85,Teofila,Fischer,,teofila.fischer@aol.com,1 West Brickyard St. ,Huntington Station,New York,11746
86,Lissa,Vargas,,lissa.vargas@yahoo.com,517 Victoria Ave. ,Oswego,New York,13126
87,Yan,Mcgowan,,yan.mcgowan@msn.com,8960 Newport Ave. ,Duarte,California,91010
88,Titus,Bullock,,titus.bullock@gmail.com,29 Oxford Avenue ,Hollis,New York,11423
89,Arvilla,Osborn,,arvilla.osborn@gmail.com,60 Acacia Lane ,Upland,California,91784
90,Marjorie,Logan,,marjorie.logan@msn.com,95 Grandrose St. ,Franklin Square,New York,11010
91,Marvin,Mullins,(619) 635-2027,marvin.mullins@aol.com,7489 Redwood Drive ,San Diego,California,92111
92,Tena,Cruz,,tena.cruz@yahoo.com,1 South St. ,Farmingdale,New York,11735
93,Corrina,Sawyer,(248) 370-1364,corrina.sawyer@yahoo.com,95 Briarwood Lane ,Troy,New York,12180
94,Sharyn,Hopkins,,sharyn.hopkins@hotmail.com,4 South Temple Ave. ,Baldwinsville,New York,13027
95,Letitia,Franco,,letitia.franco@aol.com,607 Lakeview Drive ,Saratoga Springs,New York,12866
96,Floretta,Higgins,,floretta.higgins@hotmail.com,870 Lilac Dr. ,Bayside,New York,11361
97,Louanne,Martin,,louanne.martin@hotmail.com,1 Campfire Ave. ,Yuba City,California,95993
98,Violet,Valenzuela,,violet.valenzuela@msn.com,8668 Piper Street ,Plattsburgh,New York,12901
99,Carie,Kidd,,carie.kidd@yahoo.com,6 East Clinton Street ,Monroe,New York,10950
100,Kellie,Franco,,kellie.franco@yahoo.com,444 South Walnut Rd. ,Commack,New York,11725
101,Nichelle,Howell,,nichelle.howell@aol.com,7670 Forest St. ,Scarsdale,New York,10583
102,Marisol,Goodman,,marisol.goodman@gmail.com,864 East Cherry St. ,Canandaigua,New York,14424
103,Sylvie,Wilkerson,,sylvie.wilkerson@yahoo.com,750 Central Ave. ,Syosset,New York,11791
104,Katharina,Bates,,katharina.bates@gmail.com,54 South Greenview Drive ,Campbell,California,95008
105,Marget,Hodge,,marget.hodge@msn.com,7199 Selby Lane ,Woodhaven,New York,11421
106,Raul,Melendez,,raul.melendez@hotmail.com,9772 Manhattan St. ,Elmhurst,New York,11373
107,Cecil,Hopper,,cecil.hopper@yahoo.com,471 Glenlake Ave. ,Central Islip,New York,11722
108,Shae,Hickman,,shae.hickman@hotmail.com,740 Pin Oak Street ,Floral Park,New York,11001
109,Monica,Sears,(408) 704-8863,monica.sears@aol.com,57 Glenholme St. ,San Jose,California,95127
110,Ollie,Zimmerman,(657) 648-2863,ollie.zimmerman@yahoo.com,69 Wood Rd. ,Anaheim,California,92806
111,Shila,White,,shila.white@msn.com,94 Lakeshore Street ,Orchard Park,New York,14127
112,Yuk,Vega,,yuk.vega@yahoo.com,413 Wood St. ,West Hempstead,New York,11552
113,Eliana,Silva,,eliana.silva@gmail.com,7119 Summer Rd. ,Farmingdale,New York,11735
114,Thalia,Horne,,thalia.horne@yahoo.com,9312 Harvard Street ,Amityville,New York,11701
115,Rey,Lindsay,,rey.lindsay@gmail.com,16 Philmont St. ,Monroe,New York,10950
116,Merlene,Vinson,,merlene.vinson@gmail.com,431 Vine Dr. ,Euless,Texas,76039
117,Dacia,William,,dacia.william@msn.com,62 Cypress Drive ,Sugar Land,Texas,77478
118,Le,Wood,,le.wood@yahoo.com,90 Primrose Dr. ,Pittsford,New York,14534
119,Thalia,Dillard,,thalia.dillard@yahoo.com,987 NE. Gates Street ,San Angelo,Texas,76901
120,Luz,House,(559) 114-2580,luz.house@gmail.com,491 Railroad Street ,Fresno,California,93706
121,Lucy,Woods,,lucy.woods@gmail.com,8437 West Rockaway St. ,Palos Verdes Peninsula,California,90274
122,Shena,Carter,,shena.carter@yahoo.com,72 University Road ,Howard Beach,New York,11414
123,Robena,Hill,(361) 598-4414,robena.hill@hotmail.com,263 Cross St. ,Corpus Christi,Texas,78418
124,Jeni,Booker,,jeni.booker@gmail.com,546 Railroad Dr. ,South El Monte,California,91733
125,Herlinda,Stone,,herlinda.stone@msn.com,725 Gulf St. ,Canandaigua,New York,14424
126,Lavina,Dejesus,,lavina.dejesus@msn.com,59 E. Valley Avenue ,Newburgh,New York,12550
127,Erlinda,Nielsen,,erlinda.nielsen@aol.com,728 Oxford Lane ,Maspeth,New York,11378
128,Terrance,Lynn,,terrance.lynn@yahoo.com,91 East Buckingham Drive ,Plattsburgh,New York,12901
129,Walton,Dejesus,,walton.dejesus@yahoo.com,15 Washington Rd. ,Lockport,New York,14094
130,Wes,Stanton,(248) 247-5074,wes.stanton@msn.com,8662 Tunnel Street ,Troy,New York,12180
131,Tanesha,Hampton,,tanesha.hampton@hotmail.com,19 Belmont Ave. ,Syosset,New York,11791
132,Boyd,Irwin,,boyd.irwin@hotmail.com,221 Whitemarsh St. ,Hamburg,New York,14075
133,Delbert,Wilkins,,delbert.wilkins@aol.com,420 Greenview St. ,Coram,New York,11727
134,Brianna,Moss,(516) 156-8031,brianna.moss@msn.com,4 Longfellow St. ,Hempstead,New York,11550
135,Dorthey,Jackson,(281) 926-8010,dorthey.jackson@msn.com,9768 Brookside St. ,Houston,Texas,77016
136,Sarita,Parks,,sarita.parks@msn.com,7809 Second Lane ,Forney,Texas,75126
137,Shonta,Mercer,,shonta.mercer@aol.com,319 NE. La Sierra Avenue ,Massapequa,New York,11758
138,Jone,Bernard,(657) 536-5165,jone.bernard@hotmail.com,99 Longbranch Court ,Anaheim,California,92806
139,Wanita,Davenport,,wanita.davenport@aol.com,525 Dogwood Ave. ,Spring Valley,New York,10977
140,Cleopatra,Tate,,cleopatra.tate@aol.com,97 N. Glenwood St. ,East Elmhurst,New York,11369
141,Ramiro,Byers,,ramiro.byers@gmail.com,16 Pleasant St. ,Saint Albans,New York,11412
142,Nicholas,Vazquez,,nicholas.vazquez@hotmail.com,9 Roosevelt Street ,West Hempstead,New York,11552
143,Janae,Doyle,,janae.doyle@gmail.com,760 Rose Ave. ,Jackson Heights,New York,11372
144,Hans,Price,,hans.price@hotmail.com,51 Glendale Road ,Port Chester,New York,10573
145,Miquel,Neal,,miquel.neal@hotmail.com,9564 Deerfield Lane ,Staten Island,New York,10301
146,Stefany,Potter,,stefany.potter@gmail.com,256 South Academy St. ,Saratoga Springs,New York,12866
147,Bernetta,Marquez,,bernetta.marquez@hotmail.com,626 E. Dunbar Street ,Smithtown,New York,11787
148,Julee,Woodard,,julee.woodard@yahoo.com,869 Summerhouse Dr. ,Richmond Hill,New York,11418
149,Meredith,Bryan,,meredith.bryan@hotmail.com,8935 E. Oxford St. ,Spring Valley,New York,10977
150,Weldon,Michael,,weldon.michael@hotmail.com,9952 Nut Swamp St. ,Huntington,New York,11743
151,Joesph,Delacruz,,joesph.delacruz@aol.com,184 Cypress Street ,Atwater,California,95301
152,Katherina,Odom,,katherina.odom@yahoo.com,897 N. Oak Drive ,Plainview,New York,11803
153,Laraine,Robbins,,laraine.robbins@yahoo.com,8214 E. Pin Oak Lane ,San Angelo,Texas,76901
154,Jenise,Preston,,jenise.preston@yahoo.com,9 Littleton Drive ,Helotes,Texas,78023
155,Lory,Page,,lory.page@hotmail.com,58 Summerhouse Street ,Bay Shore,New York,11706
156,Charlyn,Cantrell,,charlyn.cantrell@yahoo.com,8756 Euclid St. ,West Islip,New York,11795
157,Carola,Rodriquez,,carola.rodriquez@hotmail.com,9433 Heritage Lane ,Banning,California,92220
158,Alane,Kennedy,,alane.kennedy@yahoo.com,34 Green Lake Street ,Spring Valley,New York,10977
159,Regina,Burns,,regina.burns@aol.com,713 Buckingham St. ,Garland,Texas,75043
160,Omer,Estrada,,omer.estrada@gmail.com,9 Honey Creek Street ,Rowlett,Texas,75088
161,Crystle,Gilliam,,crystle.gilliam@yahoo.com,86 Edgewater Road ,Smithtown,New York,11787
162,Kam,Wilder,,kam.wilder@hotmail.com,500 West Clay Ave. ,Newburgh,New York,12550
163,Margert,Stevens,,margert.stevens@aol.com,502 North Poplar St. ,Rome,New York,13440
164,Tomika,Larson,,tomika.larson@yahoo.com,254 Canal St. ,Woodside,New York,11377
165,Jeromy,Burch,(408) 955-8238,jeromy.burch@msn.com,889 Mulberry Street ,San Jose,California,95127
166,Lena,Mills,,lena.mills@yahoo.com,42 Homestead St. ,Woodhaven,New York,11421
167,Loreta,Johnston,,loreta.johnston@yahoo.com,39 Lafayette Dr. ,Spring Valley,New York,10977
168,Nettie,Mcdaniel,,nettie.mcdaniel@hotmail.com,7004 E. Wakehurst St. ,South Ozone Park,New York,11420
169,Karla,Kirk,,karla.kirk@yahoo.com,9718 Harvard Rd. ,Palos Verdes Peninsula,California,90274
170,Regine,Gonzales,(805) 763-4045,regine.gonzales@gmail.com,798 Court Drive ,Oxnard,California,93035
171,Miriam,Baker,,miriam.baker@hotmail.com,90 Studebaker St. ,Uniondale,New York,11553
172,Jeanie,Kirkland,,jeanie.kirkland@aol.com,7643 Old Theatre St. ,Santa Clara,California,95050
173,Marquerite,Dawson,,marquerite.dawson@gmail.com,37 Hamilton Court ,Garland,Texas,75043
174,Babara,Ochoa,,babara.ochoa@aol.com,872 Smith Store St. ,Scarsdale,New York,10583
175,Nova,Hess,,nova.hess@msn.com,773 South Lafayette St. ,Duarte,California,91010
176,Carley,Reynolds,,carley.reynolds@gmail.com,2 Snake Hill Drive ,South El Monte,California,91733
177,Carissa,Foreman,,carissa.foreman@msn.com,69C N. Ridge Rd. ,Maspeth,New York,11378
178,Genoveva,Tyler,(212) 152-6381,genoveva.tyler@gmail.com,8121 Windfall Ave. ,New York,New York,10002
179,Deane,Sears,,deane.sears@hotmail.com,3 Bradford Court ,Pittsford,New York,14534
180,Karey,Steele,,karey.steele@gmail.com,8879 Kent Lane ,Farmingdale,New York,11735
181,Olevia,Pitts,,olevia.pitts@gmail.com,39 Fieldstone Drive ,Redondo Beach,California,90278
182,Jenniffer,Bullock,,jenniffer.bullock@msn.com,38 Oxford Avenue ,Bay Shore,New York,11706
183,Jeniffer,Ratliff,,jeniffer.ratliff@gmail.com,510 Rocky River Court ,Floral Park,New York,11001
184,Klara,Stanley,,klara.stanley@aol.com,603 Mechanic St. ,Webster,New York,14580
185,Morton,Lee,,morton.lee@yahoo.com,313 Ridge St. ,San Angelo,Texas,76901
186,Ken,Charles,,ken.charles@msn.com,9124 W. Piper Lane ,Monsey,New York,10952
187,Hedwig,Paul,,hedwig.paul@msn.com,422 Manor Ave. ,Apple Valley,California,92307
188,Sharla,Flynn,(805) 478-7724,sharla.flynn@hotmail.com,7 Brown Drive ,Oxnard,California,93035
189,Damian,Dawson,,damian.dawson@hotmail.com,528 St Margarets Street ,Liverpool,New York,13090
190,Toya,Pratt,(562) 218-6405,toya.pratt@yahoo.com,485 San Pablo Drive ,Long Beach,New York,11561
191,Graciela,Barber,(805) 656-6987,graciela.barber@hotmail.com,1 E. Young St. ,Oxnard,California,93035
192,Bong,Hebert,,bong.hebert@gmail.com,545 Brook St. ,Torrance,California,90505
193,Ayanna,Rhodes,,ayanna.rhodes@msn.com,7425 Pheasant St. ,Hicksville,New York,11801
194,Dorine,Roberson,,dorine.roberson@msn.com,396 Meadowbrook Lane ,Santa Cruz,California,95060
195,Addie,Hahn,,addie.hahn@hotmail.com,8165 Baker Ave. ,Franklin Square,New York,11010
196,Edythe,Valencia,,edythe.valencia@yahoo.com,9346 Wall St. ,North Tonawanda,New York,14120
197,Andy,O'neill,,andy.o'neill@msn.com,9544 Mulberry Drive ,Rego Park,New York,11374
198,Luis,Tyler,,luis.tyler@gmail.com,9568 Campfire Circle ,Amarillo,Texas,79106
199,Clelia,Workman,,clelia.workman@yahoo.com,620 North Somerset St. ,New Windsor,New York,12553
200,Ashely,Holmes,,ashely.holmes@aol.com,45 High Ridge Ave. ,Farmingdale,New York,11735
201,Candis,Harding,,candis.harding@gmail.com,33 NW. Cambridge Ave. ,Ballston Spa,New York,12020
202,Marni,Bolton,(717) 670-6268,marni.bolton@msn.com,7469 Plymouth Ave. ,Lancaster,New York,14086
203,Minerva,Decker,(281) 271-6390,minerva.decker@yahoo.com,794 Greenrose Street ,Houston,Texas,77016
204,Alpha,King,,alpha.king@hotmail.com,14 Henry Smith St. ,Rockville Centre,New York,11570
205,Harris,Pittman,,harris.pittman@yahoo.com,404 Cherry Hill Road ,Jamaica,New York,11432
206,Stephaine,Riddle,,stephaine.riddle@hotmail.com,199 Vermont Court ,Brooklyn,New York,11201
207,Michel,Blankenship,,michel.blankenship@msn.com,382 West Hill Dr. ,Forney,Texas,75126
208,Denis,Logan,,denis.logan@msn.com,121 Rockcrest Street ,Ridgecrest,California,93555
209,Jutta,Everett,,jutta.everett@gmail.com,27 Taylor Ave. ,Selden,New York,11784
210,Priscilla,Wilkins,(229) 322-2269,priscilla.wilkins@aol.com,653 Pawnee Rd. ,Albany,New York,12203
211,Gilma,Dejesus,,gilma.dejesus@yahoo.com,777 Thompson Ave. ,Scarsdale,New York,10583
212,Buford,Bridges,(248) 604-7346,buford.bridges@msn.com,239 Oak Valley Court ,Troy,New York,12180
213,Elenore,Hensley,,elenore.hensley@hotmail.com,7037 Aspen St. ,Hamburg,New York,14075
214,Ross,Pugh,,ross.pugh@msn.com,8598 Saxon St. ,North Tonawanda,New York,14120
215,Judith,Finley,,judith.finley@hotmail.com,474 West Bank Road ,Whitestone,New York,11357
216,Wai,Soto,,wai.soto@msn.com,30 Arch Drive ,Bethpage,New York,11714
217,Carline,Collier,(559) 810-6070,carline.collier@msn.com,28 Trenton Lane ,Fresno,California,93706
218,Casey,Gill,,casey.gill@gmail.com,636 Prospect Avenue ,Port Washington,New York,11050
219,Darcie,Morgan,(442) 618-7068,darcie.morgan@aol.com,476 East Adams Ave. ,Oceanside,New York,11572
220,Lucio,Sherman,,lucio.sherman@gmail.com,842 Corona Ave. ,Smithtown,New York,11787
221,Clementine,Mooney,,clementine.mooney@yahoo.com,678 Charles Court ,Mcallen,Texas,78501
222,Anya,Contreras,,anya.contreras@msn.com,38 Old Fairground St. ,East Northport,New York,11731
223,Scarlet,Yates,,scarlet.yates@hotmail.com,687 Shirley St. ,Patchogue,New York,11772
224,Moses,Pope,,moses.pope@yahoo.com,654 Theatre Street ,Lawndale,California,90260
225,Barbera,Riggs,,barbera.riggs@aol.com,12 Gartner Drive ,Plainview,New York,11803
226,Kiana,Rivera,,kiana.rivera@gmail.com,9 Sheffield Dr. ,Richmond Hill,New York,11418
227,Danielle,Bond,,danielle.bond@msn.com,8589 Shub Farm Street ,Patchogue,New York,11772
228,Whitney,Estes,(631) 315-4020,whitney.estes@gmail.com,454 Bear Hill Street ,Brentwood,New York,11717
229,Molly,Langley,,molly.langley@aol.com,63 Bridgeton Street ,Holbrook,New York,11741
230,Chelsey,Hardin,,chelsey.hardin@hotmail.com,13 Brickyard Street ,Deer Park,New York,11729
231,Jenee,Rasmussen,(916) 219-1774,jenee.rasmussen@hotmail.com,19 George Lane ,Sacramento,California,95820
232,Freddie,Mathis,,freddie.mathis@hotmail.com,31 Shady St. ,Euless,Texas,76039
233,Mariana,Strong,,mariana.strong@msn.com,972 Dunbar Dr. ,Santa Clara,California,95050
234,Winfred,Harris,,winfred.harris@msn.com,734 Glen Eagles St. ,East Meadow,New York,11554
235,Jeromy,Elliott,,jeromy.elliott@gmail.com,7112 Laurel Street ,Bay Shore,New York,11706
236,Verona,O'neill,,verona.o'neill@hotmail.com,8279 W. Sussex St. ,Selden,New York,11784
237,Elvera,Peck,,elvera.peck@yahoo.com,759 Lakewood Street ,Banning,California,92220
238,Cindi,Larson,,cindi.larson@msn.com,896 Golden Star Rd. ,Howard Beach,New York,11414
239,Felice,Guzman,,felice.guzman@hotmail.com,7 Creekside Lane ,Canyon Country,California,91387
240,Le,Deleon,,le.deleon@msn.com,58 Clark Court ,Banning,California,92220
241,Manie,Sanchez,,manie.sanchez@hotmail.com,471 Illinois Ave. ,Queensbury,New York,12804
242,Rutha,Howell,,rutha.howell@gmail.com,9247 Jones Street ,Canyon Country,California,91387
243,Natosha,Rowland,,natosha.rowland@aol.com,51 Elmwood St. ,Ballston Spa,New York,12020
244,Jessika,Bray,,jessika.bray@yahoo.com,37 East Greystone St. ,San Pablo,California,94806
245,Delila,Hamilton,,delila.hamilton@yahoo.com,7451 East James Ave. ,Palos Verdes Peninsula,California,90274
246,Dionne,Norris,,dionne.norris@yahoo.com,9993 Greenview Circle ,Niagara Falls,New York,14304
247,Muriel,Juarez,,muriel.juarez@gmail.com,8073 Cemetery Drive ,Palos Verdes Peninsula,California,90274
248,Cecelia,Gill,,cecelia.gill@aol.com,372 Silver Spear Dr. ,Mcallen,Texas,78501
249,Magda,Eaton,,magda.eaton@aol.com,860 Middle River Street ,Ossining,New York,10562
250,Ivonne,Yang,(915) 181-1950,ivonne.yang@gmail.com,7359 North Lake View St. ,El Paso,Texas,79930
251,Kasie,Rodriquez,,kasie.rodriquez@aol.com,7 North Beech St. ,Ballston Spa,New York,12020
252,Eleni,Gordon,,eleni.gordon@hotmail.com,583 W. San Carlos Street ,Richmond Hill,New York,11418
253,Maurice,Norton,,maurice.norton@hotmail.com,32 Mayflower Dr. ,Atwater,California,95301
254,Cristobal,Hutchinson,,cristobal.hutchinson@gmail.com,58 Washington Avenue ,Lawndale,California,90260
255,Flossie,Holder,,flossie.holder@msn.com,8459 W. Newport Court ,Massapequa Park,New York,11762
256,Erma,Salinas,,erma.salinas@gmail.com,347 Sheffield St. ,Merrick,New York,11566
257,Earl,Stanley,,earl.stanley@gmail.com,569 Lake Lane ,Elmhurst,New York,11373
258,Maribel,William,,maribel.william@aol.com,65 Magnolia Ave. ,Torrance,California,90505
259,Johnathan,Velazquez,,johnathan.velazquez@hotmail.com,9680 E. Somerset Street ,Pleasanton,California,94566
260,Rodrick,Shelton,,rodrick.shelton@hotmail.com,7157 Addison Street ,Canyon Country,California,91387
261,Ferne,Kline,,ferne.kline@hotmail.com,303 Shady St. ,Fullerton,California,92831
262,Rubin,Decker,(716) 950-9835,rubin.decker@gmail.com,9875 Shady Ave. ,Buffalo,New York,14215
263,Dortha,Jarvis,(442) 919-8256,dortha.jarvis@yahoo.com,76 Prince Drive ,Oceanside,New York,11572
264,Mariela,Huffman,,mariela.huffman@gmail.com,531 Fieldstone Road ,Garden City,New York,11530
265,Mellisa,Farley,,mellisa.farley@yahoo.com,21 West Princess St. ,Central Islip,New York,11722
266,Myung,Hooper,,myung.hooper@gmail.com,951 Mill Road ,Elmont,New York,11003
267,Angelina,Lloyd,,angelina.lloyd@yahoo.com,9593 North Sherman Dr. ,Apple Valley,California,92307
268,Trinity,Riddle,,trinity.riddle@aol.com,23 Oakland Lane ,Ballston Spa,New York,12020
269,Barton,Crosby,,barton.crosby@msn.com,896 Edgewater St. ,Bellmore,New York,11710
270,Claudio,Wise,,claudio.wise@hotmail.com,810 Oxford Ave. ,Kingston,New York,12401
271,Katheleen,Marks,,katheleen.marks@yahoo.com,69 North Tower St. ,Longview,Texas,75604
272,Deja,Chaney,,deja.chaney@hotmail.com,52 Woodside Ave. ,Jamaica,New York,11432
273,Queenie,Vance,,queenie.vance@gmail.com,172 Arcadia Ave. ,Ozone Park,New York,11417
274,Josh,Shaw,,josh.shaw@gmail.com,212 North Leeton Ridge Street ,Hopewell Junction,New York,12533
275,Pinkie,Kirkland,,pinkie.kirkland@yahoo.com,18 Myers St. ,San Angelo,Texas,76901
276,Lavette,Wright,,lavette.wright@msn.com,6 Windsor Street ,Ronkonkoma,New York,11779
277,Mark,Garrett,,mark.garrett@msn.com,285 Rosewood Dr. ,Monroe,New York,10950
278,Myesha,Burgess,,myesha.burgess@gmail.com,306 Trenton Rd. ,Campbell,California,95008
279,Justina,Long,,justina.long@aol.com,39 Littleton Ave. ,South El Monte,California,91733
280,Brenda,Tate,,brenda.tate@msn.com,36 Hilltop Street ,San Angelo,Texas,76901
281,Rayna,Perry,,rayna.perry@hotmail.com,7238 Oakland St. ,Ozone Park,New York,11417
282,Randolph,Chase,,randolph.chase@yahoo.com,828 Bridle Ave. ,San Lorenzo,California,94580
283,Jaimee,Day,,jaimee.day@aol.com,7534 Whitemarsh Ave. ,Poughkeepsie,New York,12601
284,Susann,Bass,,susann.bass@msn.com,21 Old Rock Maple Ave. ,Commack,New York,11725
285,Leola,Gould,,leola.gould@gmail.com,8 Kirkland St. ,Astoria,New York,11102
286,Virgil,Frost,,virgil.frost@gmail.com,9798 Beacon St. ,Levittown,New York,11756
287,Mireille,Puckett,(805) 961-9909,mireille.puckett@hotmail.com,378 Purple Finch Drive ,Oxnard,California,93035
288,Keturah,Massey,,keturah.massey@msn.com,189 Arnold Drive ,Banning,California,92220
289,Charmain,Webster,,charmain.webster@hotmail.com,36 East Stonybrook Rd. ,Richardson,Texas,75080
290,Barry,Buckner,,barry.buckner@gmail.com,8779 High Noon Rd. ,Centereach,New York,11720
291,Boyce,Burks,,boyce.burks@gmail.com,879 Harvey Dr. ,Sunnyside,New York,11104
292,Monty,Frost,(516) 460-5396,monty.frost@aol.com,76 Foxrun Dr. ,Hempstead,New York,11550
293,Tiny,French,,tiny.french@hotmail.com,7163 Hall St. ,Plainview,New York,11803
294,Clementina,Sargent,,clementina.sargent@hotmail.com,9853 Catherine Road ,Rome,New York,13440
295,Danny,Kim,,danny.kim@msn.com,74 Essex Drive ,South Ozone Park,New York,11420
296,Sophia,Mcmillan,,sophia.mcmillan@msn.com,8541 S. Pleasant Street ,Uniondale,New York,11553
297,Christia,Carson,,christia.carson@gmail.com,220 Orchard Street ,Helotes,Texas,78023
298,Jennie,Middleton,,jennie.middleton@gmail.com,95 High Noon Dr. ,Upland,California,91784
299,Jame,Riggs,,jame.riggs@hotmail.com,9237 Hudson Drive ,Bay Shore,New York,11706
300,Rayford,Simon,,rayford.simon@msn.com,998 Whitemarsh Road ,Mountain View,California,94043
301,Annett,Garrett,,annett.garrett@yahoo.com,19 Euclid Lane ,Scarsdale,New York,10583
302,Hayden,Cross,,hayden.cross@gmail.com,90 Pumpkin Hill St. ,Apple Valley,California,92307
303,Rolanda,Larsen,,rolanda.larsen@yahoo.com,5 West University Court ,Woodhaven,New York,11421
304,Jayme,Zamora,,jayme.zamora@gmail.com,2 Ridge Lane ,Springfield Gardens,New York,11413
305,Hope,Cotton,,hope.cotton@aol.com,9092 Blue Spring Dr. ,Redondo Beach,California,90278
306,Vikki,Erickson,,vikki.erickson@yahoo.com,24 Jones Street ,Kingston,New York,12401
307,Fransisca,Nicholson,,fransisca.nicholson@aol.com,945 Schoolhouse Street ,Glendora,California,91740
308,Mazie,Fernandez,,mazie.fernandez@hotmail.com,583 Harvard Ave. ,Webster,New York,14580
309,Anderson,Martin,,anderson.martin@hotmail.com,9051 Hillside Dr. ,Canandaigua,New York,14424
310,Gilberto,Parsons,,gilberto.parsons@gmail.com,8115 North Edgewater Drive ,Middle Village,New York,11379
311,Charise,Burt,(559) 888-2229,charise.burt@aol.com,582 Creek St. ,Fresno,California,93706
312,Cameron,Carroll,,cameron.carroll@yahoo.com,9133 South Halifax Ave. ,Longview,Texas,75604
313,Melani,Jarvis,,melani.jarvis@hotmail.com,8 Tunnel St. ,Maspeth,New York,11378
314,Javier,Nichols,,javier.nichols@msn.com,8944 Marconi St. ,Rowlett,Texas,75088
315,Justina,Jenkins,,justina.jenkins@yahoo.com,8236 Creek St. ,Baldwin,New York,11510
316,Hortencia,Graham,,hortencia.graham@aol.com,7764 Greenrose Street ,Euless,Texas,76039
317,Christia,Wilkins,,christia.wilkins@msn.com,7062 Willow Court ,Woodside,New York,11377
318,Eliz,Whitney,,eliz.whitney@msn.com,523 Crescent Court ,Fullerton,California,92831
319,Justin,Newton,,justin.newton@hotmail.com,93 Shore Rd. ,Apple Valley,California,92307
320,Aron,Wiggins,(442) 497-3353,aron.wiggins@aol.com,6 Bradford St. ,Oceanside,New York,11572
321,Chere,Hardin,,chere.hardin@yahoo.com,763 Fulton Road ,Brooklyn,New York,11201
322,Merideth,Preston,,merideth.preston@yahoo.com,794 Rockaway St. ,Poughkeepsie,New York,12601
323,Jeniffer,Slater,,jeniffer.slater@aol.com,30 Old Orange Lane ,Schenectady,New York,12302
324,Laureen,Paul,,laureen.paul@yahoo.com,617 Squaw Creek Rd. ,Bellmore,New York,11710
325,Berna,Moore,,berna.moore@hotmail.com,7230 Lafayette Drive ,Bronx,New York,10451
326,Shiela,Calderon,,shiela.calderon@msn.com,844 Albany St. ,Rocklin,California,95677
327,Sharie,Alvarez,(212) 211-7621,sharie.alvarez@msn.com,987 West Leatherwood Dr. ,New York,New York,10002
328,Bettie,Glover,,bettie.glover@gmail.com,9083 Addison Dr. ,Euless,Texas,76039
329,Marilyn,Frank,,marilyn.frank@aol.com,8878 Branch Street ,Port Chester,New York,10573
330,Sheba,Knapp,,sheba.knapp@aol.com,86 Gates Street ,Woodside,New York,11377
331,Aleta,Mack,,aleta.mack@yahoo.com,8869 W. Edgemont Lane ,Bay Shore,New York,11706
332,Reena,Higgins,,reena.higgins@gmail.com,900 South Columbia Street ,Canyon Country,California,91387
333,Ami,Mcmahon,,ami.mcmahon@aol.com,566 Hilldale Drive ,Sunnyside,New York,11104
334,Somer,Jordan,,somer.jordan@msn.com,7046 Helen Avenue ,Huntington Station,New York,11746
335,Scarlet,Reed,,scarlet.reed@hotmail.com,151 S. Myers Court ,Bronx,New York,10451
336,Trisha,Johnson,(717) 126-8787,trisha.johnson@msn.com,59 Wild Horse St. ,Lancaster,New York,14086
337,Majorie,Wyatt,,majorie.wyatt@yahoo.com,8507 Miller St. ,South Ozone Park,New York,11420
338,Abbey,Pugh,,abbey.pugh@gmail.com,26 Market Drive ,Forest Hills,New York,11375
339,Tamela,Harrell,,tamela.harrell@aol.com,7316 Cypress Rd. ,Central Islip,New York,11722
340,Yanira,Bradshaw,,yanira.bradshaw@gmail.com,7484 Ann Court ,Smithtown,New York,11787
341,Delana,Scott,,delana.scott@yahoo.com,7372 Ridgeview St. ,Mount Vernon,New York,10550
342,Cassondra,Pruitt,,cassondra.pruitt@aol.com,4 Alderwood Circle ,Merrick,New York,11566
343,Jesica,Fields,,jesica.fields@yahoo.com,318 Country Dr. ,Commack,New York,11725
344,Herta,Rollins,,herta.rollins@msn.com,287 1st Drive ,Mountain View,California,94043
345,Mi,Gray,(229) 813-2130,mi.gray@aol.com,27 Roehampton Dr. ,Albany,New York,12203
346,Jacalyn,Barnett,,jacalyn.barnett@gmail.com,7537 Swanson Street ,Maspeth,New York,11378
347,Kanesha,Hudson,(510) 788-7298,kanesha.hudson@gmail.com,8293 Gartner Drive ,Oakland,California,94603
348,Darren,Witt,,darren.witt@aol.com,916 Hillcrest Ave. ,Coachella,California,92236
349,Mable,Pratt,,mable.pratt@gmail.com,254 SW. Temple Street ,Coachella,California,92236
350,Christoper,Mccall,,christoper.mccall@msn.com,72 Summit St. ,Bay Shore,New York,11706
351,Margorie,Wynn,,margorie.wynn@gmail.com,707 Schoolhouse St. ,Monsey,New York,10952
352,Josef,Greer,,josef.greer@gmail.com,92 Summer Court ,Jamaica,New York,11432
353,Tisa,Whitney,,tisa.whitney@yahoo.com,549 Newbridge Dr. ,Monsey,New York,10952
354,Tonda,Armstrong,,tonda.armstrong@aol.com,19 Forest Rd. ,Sunnyside,New York,11104
355,Arvilla,Weiss,,arvilla.weiss@msn.com,477 Blue Spring St. ,Bay Shore,New York,11706
356,Vashti,Rosario,,vashti.rosario@yahoo.com,623 Johnson Circle ,Bronx,New York,10451
357,Sheri,Cole,(408) 658-2285,sheri.cole@aol.com,479 Chapel Court ,San Jose,California,95127
358,Kandace,Giles,,kandace.giles@msn.com,30 NE. Walt Whitman Drive ,Wantagh,New York,11793
359,Angie,Powers,,angie.powers@aol.com,6 Rockland Dr. ,Pomona,California,91768
360,Van,Peters,(281) 658-7772,van.peters@yahoo.com,45 Fifth Dr. ,Houston,Texas,77016
361,Virgina,Berg,,virgina.berg@yahoo.com,804 South Purple Finch Drive ,Valley Stream,New York,11580
362,Olevia,Noel,,olevia.noel@yahoo.com,39 N. Rosewood Dr. ,Kingston,New York,12401
363,Kaci,Gallegos,,kaci.gallegos@gmail.com,8573 Halifax St. ,Ballston Spa,New York,12020
364,Bev,Chang,,bev.chang@yahoo.com,104 Rockville St. ,Ithaca,New York,14850
365,Rodger,Rojas,,rodger.rojas@yahoo.com,8442 Cooper Ave. ,Bayside,New York,11361
366,Lavonne,Anderson,,lavonne.anderson@aol.com,9420 Wintergreen Court ,Floral Park,New York,11001
367,Blanca,Hooper,,blanca.hooper@msn.com,340 Bald Hill St. ,Ozone Park,New York,11417
368,Alysha,Powers,,alysha.powers@msn.com,39 West Marshall Ave. ,Forest Hills,New York,11375
369,Mary,Singleton,,mary.singleton@hotmail.com,474 Amerige Ave. ,Woodside,New York,11377
370,Jina,Cooper,,jina.cooper@aol.com,8947 W. Lexington Rd. ,Howard Beach,New York,11414
371,Loni,Duncan,,loni.duncan@gmail.com,80 Saxton Lane ,Rosedale,New York,11422
372,Collene,Roman,,collene.roman@aol.com,30 North Argyle Dr. ,Wappingers Falls,New York,12590
373,Mariette,Trevino,,mariette.trevino@aol.com,4 Border Court ,Utica,New York,13501
374,Candelaria,Coffey,,candelaria.coffey@aol.com,45 Newport Lane ,Merrick,New York,11566
375,Yan,Trevino,,yan.trevino@gmail.com,796 Jefferson Rd. ,Uniondale,New York,11553
376,Elanor,Patrick,,elanor.patrick@aol.com,51 Howard Ave. ,Victoria,Texas,77904
377,Klara,Mosley,,klara.mosley@gmail.com,518 Devon Court ,Port Chester,New York,10573
378,Rosalba,O'neal,,rosalba.o'neal@yahoo.com,7517 Pennsylvania St. ,Mount Vernon,New York,10550
379,Mina,Carrillo,,mina.carrillo@aol.com,8659 Trenton Lane ,Uniondale,New York,11553
380,Alesia,Horne,,alesia.horne@aol.com,9229 Amherst Lane ,Selden,New York,11784
381,Kristen,Alvarez,,kristen.alvarez@aol.com,9778 North River St. ,Bronx,New York,10451
382,Collin,Webster,,collin.webster@aol.com,475 Cottage Rd. ,Howard Beach,New York,11414
383,Ashlee,Pena,,ashlee.pena@aol.com,966 Highland St. ,Whitestone,New York,11357
384,Aimee,Merritt,,aimee.merritt@yahoo.com,537 East Meadowbrook St. ,Flushing,New York,11354
385,Rochelle,Ward,,rochelle.ward@yahoo.com,7855 La Sierra Street ,Glendora,California,91740
386,Nelle,Beck,,nelle.beck@aol.com,8998 Wakehurst Drive ,Upland,California,91784
387,Kaila,Walters,,kaila.walters@msn.com,57 Gates Drive ,Elmhurst,New York,11373
388,Aleta,Stone,,aleta.stone@aol.com,8 Elm Dr. ,Whitestone,New York,11357
389,Leif,Short,,leif.short@gmail.com,962 Carpenter Ave. ,San Angelo,Texas,76901
390,Lorrie,Pollard,,lorrie.pollard@yahoo.com,7834 Shore Ave. ,Ronkonkoma,New York,11779
391,Vernita,Ball,,vernita.ball@gmail.com,126 Arnold Dr. ,Los Banos,California,93635
392,Cyndi,Bush,,cyndi.bush@gmail.com,18 Smoky Hollow Drive ,Elmhurst,New York,11373
393,Gertrude,Terry,,gertrude.terry@hotmail.com,34 Airport Dr. ,Upland,California,91784
394,Virgen,Clemons,,virgen.clemons@gmail.com,354 Cactus Drive ,South El Monte,California,91733
395,Fairy,Robinson,,fairy.robinson@msn.com,8837 Joy Ridge St. ,Liverpool,New York,13090
396,Laverna,Hernandez,,laverna.hernandez@hotmail.com,34 South Longfellow St. ,Niagara Falls,New York,14304
397,Jeannie,Wilcox,,jeannie.wilcox@yahoo.com,7744 Miles Dr. ,Franklin Square,New York,11010
398,Suellen,Mercado,,suellen.mercado@yahoo.com,3 Taylor Drive ,Sunnyside,New York,11104
399,Bart,Hess,,bart.hess@aol.com,799 N. Maiden Street ,Kingston,New York,12401
400,Alfredo,Dodson,,alfredo.dodson@hotmail.com,8960 Glenholme Dr. ,Depew,New York,14043
401,Shaunda,Barnett,,shaunda.barnett@gmail.com,9366 San Carlos Lane ,Longview,Texas,75604
402,Kerrie,Morton,,kerrie.morton@hotmail.com,8772 State St. ,Pittsford,New York,14534
403,Elouise,Fry,,elouise.fry@aol.com,49 Bohemia Street ,Canyon Country,California,91387
404,Augustus,Steele,,augustus.steele@aol.com,7474 N. Orchard St. ,Ballston Spa,New York,12020
405,Greta,Page,,greta.page@hotmail.com,8316 Augusta Drive ,Commack,New York,11725
406,Kerrie,O'neill,,kerrie.o'neill@gmail.com,69 Wellington Ave. ,Shirley,New York,11967
407,Dannette,Guerrero,,dannette.guerrero@gmail.com,68 Carriage Street ,San Pablo,California,94806
408,Edra,Fitzgerald,,edra.fitzgerald@msn.com,8892 Birchwood St. ,Central Islip,New York,11722
409,Jerome,Bolton,,jerome.bolton@msn.com,9921 Argyle Street ,Carmel,New York,10512
410,Conception,Slater,,conception.slater@gmail.com,5 Sunset Street ,Bellmore,New York,11710
411,Octavia,Case,(212) 171-1335,octavia.case@aol.com,40 Charles Road ,New York,New York,10002
412,Dexter,Roberts,,dexter.roberts@gmail.com,84 Thatcher Court ,Sunnyside,New York,11104
413,Ginette,Edwards,,ginette.edwards@hotmail.com,9262 NW. Center Ave. ,Baldwin,New York,11510
414,Romaine,Haley,,romaine.haley@aol.com,737 Edgefield Drive ,Ithaca,New York,14850
415,Gwendolyn,Miller,,gwendolyn.miller@msn.com,90 Fordham Ave. ,Harlingen,Texas,78552
416,Luke,Fuller,(516) 363-2253,luke.fuller@hotmail.com,576 Cleveland Lane ,Hempstead,New York,11550
417,Zoraida,Patton,,zoraida.patton@aol.com,95 Grand Dr. ,Huntington Station,New York,11746
418,Georgeanna,Webster,(805) 885-8830,georgeanna.webster@msn.com,40 Creekside Circle ,Oxnard,California,93035
419,Krystin,Marshall,,krystin.marshall@hotmail.com,10 Old Proctor Lane ,Poughkeepsie,New York,12601
420,Vince,Schneider,,vince.schneider@hotmail.com,473 Corona Ave. ,Merrick,New York,11566
421,Iola,Rasmussen,,iola.rasmussen@yahoo.com,283 N. Manor Station Dr. ,Monroe,New York,10950
422,Valery,Saunders,,valery.saunders@msn.com,42 Marlborough St. ,Victoria,Texas,77904
423,Johna,Powers,,johna.powers@hotmail.com,379 Central Ave. ,Deer Park,New York,11729
424,Charleen,Hurst,,charleen.hurst@yahoo.com,87 Country Avenue ,Utica,New York,13501
425,Augustina,Joyner,,augustina.joyner@aol.com,7931 Honey Creek Court ,Mount Vernon,New York,10550
426,Daisy,Ward,,daisy.ward@msn.com,45 Silver Spear Ave. ,Pomona,California,91768
427,Latonya,Dixon,,latonya.dixon@hotmail.com,9399 Evergreen Street ,Garland,Texas,75043
428,Hipolito,Padilla,,hipolito.padilla@hotmail.com,311 E. Rose Avenue ,New Rochelle,New York,10801
429,Emmett,Casey,,emmett.casey@yahoo.com,893 Logan St. ,Valley Stream,New York,11580
430,Kandi,Mcneil,,kandi.mcneil@msn.com,402 Border Street ,Massapequa Park,New York,11762
431,Luciano,Marsh,,luciano.marsh@aol.com,7685 South Willow Drive ,Bellmore,New York,11710
432,Julius,Holt,,julius.holt@aol.com,386 Lower River Street ,East Meadow,New York,11554
433,Holly,Nieves,,holly.nieves@aol.com,60 Cleveland St. ,Longview,Texas,75604
434,Douglass,Little,,douglass.little@hotmail.com,294 Harvey Drive ,Duarte,California,91010
435,Izola,Hobbs,,izola.hobbs@gmail.com,685 Beacon Dr. ,Woodhaven,New York,11421
436,Honey,Camacho,,honey.camacho@gmail.com,934 2nd St. ,Bayside,New York,11361
437,Laureen,Barry,,laureen.barry@yahoo.com,909 Ridge St. ,Orchard Park,New York,14127
438,Katharine,Herrera,,katharine.herrera@hotmail.com,395 SE. Branch St. ,Queensbury,New York,12804
439,Sunshine,Rosario,,sunshine.rosario@aol.com,1 Chestnut Lane ,Jamaica,New York,11432
440,Yevette,Todd,,yevette.todd@aol.com,119 Lakewood Rd. ,Ballston Spa,New York,12020
441,Dorthea,Walker,,dorthea.walker@aol.com,11 Third St. ,Port Washington,New York,11050
442,Alane,Munoz,(914) 706-7576,alane.munoz@gmail.com,8 Strawberry Dr. ,Yonkers,New York,10701
443,Ayana,Keith,(805) 230-2101,ayana.keith@hotmail.com,182 Thorne Road ,Oxnard,California,93035
444,Caridad,Compton,,caridad.compton@aol.com,9575 SW. Kingston Court ,San Lorenzo,California,94580
445,Earline,Ballard,,earline.ballard@hotmail.com,939 Lyme Road ,Mount Vernon,New York,10550
446,Nathanael,Bradley,,nathanael.bradley@aol.com,58 Third St. ,Amsterdam,New York,12010
447,Chasidy,Tran,,chasidy.tran@msn.com,9286 Anderson Street ,Vista,California,92083
448,Janella,Bright,(507) 616-2958,janella.bright@aol.com,7317 Tower Dr. ,Rochester,New York,14606
449,Josie,Schultz,,josie.schultz@hotmail.com,225 Mammoth Street ,Canyon Country,California,91387
450,Ellsworth,Michael,,ellsworth.michael@yahoo.com,9982 White St. ,Carmel,New York,10512
451,Jennette,Wooten,,jennette.wooten@msn.com,8221 Bow Ridge Lane ,Rowlett,Texas,75088
452,Cassandra,Nichols,,cassandra.nichols@yahoo.com,4 Glenwood Circle ,Hicksville,New York,11801
453,Courtney,Wyatt,,courtney.wyatt@gmail.com,369 Arrowhead St. ,Garden City,New York,11530
454,Terese,Palmer,,terese.palmer@hotmail.com,8 Sugar Drive ,Bay Shore,New York,11706
455,Sherita,Cherry,,sherita.cherry@gmail.com,9636 Old Cedarwood Street ,Liverpool,New York,13090
456,Serina,Hensley,,serina.hensley@yahoo.com,53 Proctor Drive ,Jamaica,New York,11432
457,Jeni,Farley,,jeni.farley@aol.com,4 Mill Lane ,Richmond Hill,New York,11418
458,Everett,Vega,,everett.vega@yahoo.com,7859 James Ave. ,Holbrook,New York,11741
459,Latosha,Dalton,(661) 529-4501,latosha.dalton@yahoo.com,59 E. Wintergreen Ave. ,Bakersfield,California,93306
460,Romelia,Myers,,romelia.myers@msn.com,8630 Brook St. ,Garden City,New York,11530
461,Effie,Jenkins,(631) 477-1277,effie.jenkins@msn.com,75 South Glen Eagles Court ,Brentwood,New York,11717
462,Efren,Oliver,,efren.oliver@gmail.com,9343 1st Rd. ,Nanuet,New York,10954
463,Jerlene,Rios,,jerlene.rios@yahoo.com,32 Griffin St. ,Plainview,New York,11803
464,Bess,Mcbride,,bess.mcbride@yahoo.com,9832 Winchester St. ,Garden City,New York,11530
465,Birdie,Kramer,(248) 725-2174,birdie.kramer@hotmail.com,311 Newcastle Dr. ,Troy,New York,12180
466,Collen,Hayes,,collen.hayes@yahoo.com,117 Eagle St. ,Smithtown,New York,11787
467,Clare,Neal,,clare.neal@msn.com,8922 Shady Ave. ,Mahopac,New York,10541
468,Jeanett,Herman,,jeanett.herman@hotmail.com,839 East Arch Street ,Lindenhurst,New York,11757
469,Micki,Rutledge,,micki.rutledge@aol.com,9868 Marvon Street ,Richmond Hill,New York,11418
470,Loise,Walker,,loise.walker@aol.com,201 Glen Eagles St. ,Shirley,New York,11967
471,Burma,Summers,,burma.summers@yahoo.com,890 East Elmwood Street ,Freeport,New York,11520
472,Myron,Ruiz,,myron.ruiz@gmail.com,45 Shadow Brook Lane ,Amityville,New York,11701
473,Lashawna,Richardson,,lashawna.richardson@hotmail.com,9920 Purple Finch St. ,Baldwin,New York,11510
474,Lavern,Orr,,lavern.orr@hotmail.com,913 N. Young Street ,Webster,New York,14580
475,Alec,Peck,,alec.peck@hotmail.com,4 W. Belmont St. ,Victoria,Texas,77904
476,Christopher,Richardson,,christopher.richardson@gmail.com,7846 Windfall Dr. ,Santa Cruz,California,95060
477,Arminda,Weber,,arminda.weber@yahoo.com,6 Hill Field St. ,Bellmore,New York,11710
478,Emmett,Hahn,,emmett.hahn@hotmail.com,7727 6th St. ,Freeport,New York,11520
479,Gertha,Mejia,,gertha.mejia@yahoo.com,518 Orchard St. ,Flushing,New York,11354
480,Garland,Weaver,,garland.weaver@gmail.com,7161 Goldfield Court ,Amsterdam,New York,12010
481,Jayson,Rutledge,,jayson.rutledge@yahoo.com,8672 Coffee St. ,Lake Jackson,Texas,77566
482,Narcisa,Knapp,,narcisa.knapp@aol.com,435 Dogwood Dr. ,Amarillo,Texas,79106
483,Gayla,Sims,,gayla.sims@gmail.com,98 Hall Street ,Lindenhurst,New York,11757
484,Chelsey,Boyd,,chelsey.boyd@yahoo.com,9569 Birchpond Ave. ,Euless,Texas,76039
485,Catherine,Miles,,catherine.miles@msn.com,7189 Elm Dr. ,East Elmhurst,New York,11369
486,Valeri,Marshall,,valeri.marshall@hotmail.com,494 East Brewery Dr. ,East Meadow,New York,11554
487,Grace,Madden,,grace.madden@gmail.com,606 East Rocky River St. ,San Pablo,California,94806
488,Joaquin,Hawkins,(657) 557-1746,joaquin.hawkins@aol.com,3 Oklahoma Lane ,Anaheim,California,92806
489,Kirstie,Vazquez,,kirstie.vazquez@gmail.com,8006 Rockland Ave. ,Saratoga Springs,New York,12866
490,Yu,Mcdonald,,yu.mcdonald@aol.com,784 Pheasant Rd. ,Ossining,New York,10562
491,Celestine,Jacobs,,celestine.jacobs@gmail.com,87 Hanover Rd. ,Massapequa,New York,11758
492,Justa,Thompson,,justa.thompson@aol.com,43 Manor Ave. ,Corona,New York,11368
493,Lise,Alvarado,,lise.alvarado@gmail.com,9816 Newcastle Dr. ,Hamburg,New York,14075
494,Pearl,Fox,,pearl.fox@yahoo.com,9415 Honey Creek Dr. ,Uniondale,New York,11553
495,Travis,Goodman,,travis.goodman@yahoo.com,65 Rockcrest Dr. ,Los Banos,California,93635
496,Shu,Mays,,shu.mays@gmail.com,996 St Margarets Lane ,Astoria,New York,11102
497,Ezra,Fowler,,ezra.fowler@hotmail.com,16 Pearl St. ,Nanuet,New York,10954
498,Edda,Young,,edda.young@gmail.com,50 S. Airport Street ,North Tonawanda,New York,14120
499,Lidia,Ashley,,lidia.ashley@hotmail.com,8436 Meadow St. ,Baldwinsville,New York,13027
500,Moira,Lester,,moira.lester@msn.com,496 Greystone Court ,Jackson Heights,New York,11372
